TimestampId,Timestamp
1,1605172395.0
2,1605172395.0
3,1605172395.0
4,1605172395.0
5,1605172395.0
6,1605172396.0
7,1605172396.0
8,1605172396.0
9,1605172396.0
10,1605172396.0
11,1605172396.0
12,1605172396.0
13,1605172396.0
14,1605172396.0
15,1605172396.0
16,1605172396.0
17,1605172396.0
18,1605172397.0
19,1605172397.0
20,1605172397.0
21,1605172397.0
22,1605172397.0
23,1605172397.0
24,1605172397.0
25,1605172397.0
26,1605172397.0
27,1605172397.0
28,1605172398.0
29,1605172398.0
30,1605172398.0
31,1605172398.0
32,1605172398.0
33,1605172398.0
34,1605172398.0
35,1605172398.0
36,1605172398.0
37,1605172398.0
38,1605172398.0
39,1605172398.0
40,1605172398.0
41,1605172398.0
42,1605172399.0
43,1605172399.0
44,1605172399.0
45,1605172399.0
46,1605172399.0
47,1605172399.0
48,1605172399.0
49,1605172399.0
50,1605172399.0
51,1605172399.0
52,1605172399.0
53,1605172399.0
54,1605172399.0
55,1605172399.0
56,1605172399.0
57,1605172399.0
58,1605172399.0
59,1605172399.0
60,1605172399.0
61,1605172400.0
62,1605172400.0
63,1605172400.0
64,1605172400.0
65,1605172400.0
66,1605172400.0
67,1605172400.0
68,1605172400.0
69,1605172400.0
70,1605172400.0
71,1605172400.0
72,1605172401.0
73,1605172401.0
74,1605172401.0
75,1605172401.0
76,1605172401.0
77,1605172401.0
78,1605172401.0
79,1605172401.0
80,1605172401.0
81,1605172401.0
82,1605172401.0
83,1605172401.0
84,1605172401.0
85,1605172401.0
86,1605172401.0
87,1605172401.0
88,1605172402.0
89,1605172402.0
90,1605172402.0
91,1605172402.0
92,1605172402.0
93,1605172402.0
94,1605172402.0
95,1605172402.0
96,1605172402.0
97,1605172402.0
98,1605172402.0
99,1605172402.0
100,1605172402.0
101,1605172403.0
102,1605172403.0
103,1605172403.0
104,1605172403.0
105,1605172403.0
106,1605172403.0
107,1605172403.0
108,1605172403.0
109,1605172403.0
110,1605172403.0
111,1605172403.0
112,1605172403.0
113,1605172403.0
114,1605172403.0
115,1605172404.0
116,1605172404.0
117,1605172404.0
118,1605172404.0
119,1605172404.0
120,1605172404.0
121,1605172404.0
122,1605172404.0
123,1605172404.0
124,1605172404.0
125,1605172404.0
126,1605172404.0
127,1605172405.0
128,1605172405.0
129,1605172405.0
130,1605172405.0
131,1605172405.0
132,1605172405.0
133,1605172405.0
134,1605172405.0
135,1605172405.0
136,1605172405.0
137,1605172405.0
138,1605172405.0
139,1605172405.0
140,1605172405.0
141,1605172405.0
142,1605172405.0
143,1605172405.0
144,1605172405.0
145,1605172406.0
146,1605172406.0
147,1605172406.0
148,1605172406.0
149,1605172406.0
150,1605172406.0
151,1605172406.0
152,1605172406.0
153,1605172406.0
154,1605172406.0
155,1605172406.0
156,1605172406.0
157,1605172406.0
158,1605172406.0
159,1605172406.0
160,1605172407.0
161,1605172407.0
162,1605172407.0
163,1605172407.0
164,1605172407.0
165,1605172407.0
166,1605172407.0
167,1605172407.0
168,1605172407.0
169,1605172407.0
170,1605172407.0
171,1605172407.0
172,1605172407.0
173,1605172407.0
174,1605172407.0
175,1605172407.0
176,1605172408.0
177,1605172408.0
178,1605172408.0
179,1605172408.0
180,1605172408.0
181,1605172408.0
182,1605172408.0
183,1605172408.0
184,1605172408.0
185,1605172408.0
186,1605172408.0
187,1605172408.0
188,1605172408.0
189,1605172409.0
190,1605172409.0
191,1605172409.0
192,1605172409.0
193,1605172409.0
194,1605172409.0
195,1605172409.0
196,1605172409.0
197,1605172409.0
198,1605172409.0
199,1605172409.0
200,1605172409.0
201,1605172409.0
202,1605172409.0
203,1605172409.0
204,1605172409.0
205,1605172410.0
206,1605172410.0
207,1605172410.0
208,1605172410.0
209,1605172410.0
210,1605172410.0
211,1605172410.0
212,1605172410.0
213,1605172410.0
214,1605172410.0
215,1605172410.0
216,1605172410.0
217,1605172411.0
218,1605172410.0
219,1605172411.0
220,1605172411.0
221,1605172411.0
222,1605172411.0
223,1605172411.0
224,1605172411.0
225,1605172411.0
226,1605172411.0
227,1605172411.0
228,1605172411.0
229,1605172411.0
230,1605172411.0
231,1605172411.0
232,1605172412.0
233,1605172412.0
234,1605172412.0
235,1605172412.0
236,1605172412.0
237,1605172412.0
238,1605172412.0
239,1605172412.0
240,1605172412.0
241,1605172412.0
242,1605172412.0
243,1605172412.0
244,1605172413.0
245,1605172413.0
246,1605172413.0
247,1605172413.0
248,1605172413.0
249,1605172413.0
250,1605172413.0
251,1605172413.0
252,1605172413.0
253,1605172413.0
254,1605172413.0
255,1605172413.0
256,1605172413.0
257,1605172413.0
258,1605172413.0
259,1605172413.0
260,1605172413.0
261,1605172413.0
262,1605172414.0
263,1605172414.0
264,1605172414.0
265,1605172414.0
266,1605172414.0
267,1605172414.0
268,1605172414.0
269,1605172414.0
270,1605172414.0
271,1605172414.0
272,1605172414.0
273,1605172415.0
274,1605172415.0
275,1605172415.0
276,1605172415.0
277,1605172415.0
278,1605172415.0
279,1605172415.0
280,1605172415.0
281,1605172415.0
282,1605172416.0
283,1605172416.0
284,1605172416.0
285,1605172416.0
286,1605172416.0
287,1605172416.0
288,1605172416.0
289,1605172416.0
290,1605172416.0
291,1605172416.0
292,1605172416.0
293,1605172416.0
294,1605172416.0
295,1605172417.0
296,1605172417.0
297,1605172417.0
298,1605172417.0
299,1605172417.0
300,1605172417.0
301,1605172417.0
302,1605172417.0
303,1605172417.0
304,1605172417.0
305,1605172417.0
306,1605172417.0
307,1605172417.0
308,1605172417.0
309,1605172417.0
310,1605172417.0
311,1605172417.0
312,1605172417.0
313,1605172417.0
314,1605172417.0
315,1605172418.0
316,1605172418.0
317,1605172418.0
318,1605172418.0
319,1605172418.0
320,1605172418.0
321,1605172418.0
322,1605172418.0
323,1605172418.0
324,1605172418.0
325,1605172418.0
326,1605172418.0
327,1605172418.0
328,1605172418.0
329,1605172418.0
330,1605172418.0
331,1605172418.0
332,1605172419.0
333,1605172419.0
334,1605172419.0
335,1605172419.0
336,1605172419.0
337,1605172419.0
338,1605172419.0
339,1605172419.0
340,1605172419.0
341,1605172419.0
342,1605172419.0
343,1605172419.0
344,1605172419.0
345,1605172419.0
346,1605172419.0
347,1605172419.0
348,1605172419.0
349,1605172419.0
350,1605172419.0
351,1605172420.0
352,1605172420.0
353,1605172420.0
354,1605172420.0
355,1605172420.0
356,1605172420.0
357,1605172420.0
358,1605172420.0
359,1605172420.0
360,1605172420.0
361,1605172421.0
362,1605172421.0
363,1605172421.0
364,1605172421.0
365,1605172421.0
366,1605172421.0
367,1605172421.0
368,1605172421.0
369,1605172421.0
370,1605172421.0
371,1605172421.0
372,1605172421.0
373,1605172421.0
374,1605172421.0
375,1605172421.0
376,1605172421.0
377,1605172422.0
378,1605172422.0
379,1605172422.0
380,1605172422.0
381,1605172422.0
382,1605172422.0
383,1605172422.0
384,1605172422.0
385,1605172422.0
386,1605172422.0
387,1605172422.0
388,1605172422.0
389,1605172422.0
390,1605172422.0
391,1605172422.0
392,1605172422.0
393,1605172422.0
394,1605172423.0
395,1605172423.0
396,1605172423.0
397,1605172423.0
398,1605172423.0
399,1605172423.0
400,1605172423.0
401,1605172423.0
402,1605172423.0
403,1605172423.0
404,1605172423.0
405,1605172423.0
406,1605172424.0
407,1605172424.0
408,1605172424.0
409,1605172424.0
410,1605172424.0
411,1605172424.0
412,1605172424.0
413,1605172424.0
414,1605172424.0
415,1605172424.0
416,1605172424.0
417,1605172424.0
418,1605172425.0
419,1605172424.0
420,1605172425.0
421,1605172425.0
422,1605172425.0
423,1605172425.0
424,1605172425.0
425,1605172425.0
426,1605172425.0
427,1605172425.0
428,1605172425.0
429,1605172425.0
430,1605172425.0
431,1605172425.0
432,1605172425.0
433,1605172425.0
434,1605172425.0
435,1605172425.0
436,1605172426.0
437,1605172426.0
438,1605172426.0
439,1605172426.0
440,1605172426.0
441,1605172426.0
442,1605172426.0
443,1605172426.0
444,1605172426.0
445,1605172426.0
446,1605172427.0
447,1605172427.0
448,1605172426.0
449,1605172427.0
450,1605172427.0
451,1605172427.0
452,1605172427.0
453,1605172427.0
454,1605172427.0
455,1605172428.0
456,1605172428.0
457,1605172428.0
458,1605172428.0
459,1605172428.0
460,1605172428.0
461,1605172428.0
462,1605172428.0
463,1605172428.0
464,1605172428.0
465,1605172428.0
466,1605172428.0
467,1605172428.0
468,1605172428.0
469,1605172428.0
470,1605172428.0
471,1605172428.0
472,1605172428.0
473,1605172428.0
474,1605172428.0
475,1605172428.0
476,1605172428.0
477,1605172429.0
478,1605172429.0
479,1605172429.0
480,1605172429.0
481,1605172429.0
482,1605172429.0
483,1605172429.0
484,1605172429.0
485,1605172429.0
486,1605172429.0
487,1605172430.0
488,1605172430.0
489,1605172430.0
490,1605172430.0
491,1605172430.0
492,1605172430.0
493,1605172430.0
494,1605172430.0
495,1605172430.0
496,1605172430.0
497,1605172430.0
498,1605172430.0
499,1605172430.0
500,1605172430.0
501,1605172430.0
502,1605172430.0
503,1605172431.0
504,1605172431.0
505,1605172431.0
506,1605172431.0
507,1605172431.0
508,1605172431.0
509,1605172431.0
510,1605172431.0
511,1605172431.0
512,1605172431.0
513,1605172431.0
514,1605172431.0
515,1605172431.0
516,1605172431.0
517,1605172431.0
518,1605172431.0
519,1605172431.0
520,1605172431.0
521,1605172432.0
522,1605172432.0
523,1605172432.0
524,1605172432.0
525,1605172432.0
526,1605172432.0
527,1605172432.0
528,1605172432.0
529,1605172433.0
530,1605172433.0
531,1605172433.0
532,1605172433.0
533,1605172433.0
534,1605172433.0
535,1605172433.0
536,1605172433.0
537,1605172433.0
538,1605172433.0
539,1605172433.0
540,1605172433.0
541,1605172433.0
542,1605172434.0
543,1605172434.0
544,1605172434.0
545,1605172434.0
546,1605172434.0
547,1605172434.0
548,1605172434.0
549,1605172434.0
550,1605172434.0
551,1605172434.0
552,1605172434.0
553,1605172434.0
554,1605172435.0
555,1605172435.0
556,1605172435.0
557,1605172435.0
558,1605172435.0
559,1605172435.0
560,1605172435.0
561,1605172435.0
562,1605172435.0
563,1605172435.0
564,1605172435.0
565,1605172435.0
566,1605172435.0
567,1605172435.0
568,1605172435.0
569,1605172436.0
570,1605172436.0
571,1605172436.0
572,1605172436.0
573,1605172436.0
574,1605172436.0
575,1605172436.0
576,1605172436.0
577,1605172436.0
578,1605172436.0
579,1605172436.0
580,1605172436.0
581,1605172436.0
582,1605172436.0
583,1605172436.0
584,1605172437.0
585,1605172437.0
586,1605172437.0
587,1605172437.0
588,1605172437.0
589,1605172437.0
590,1605172437.0
591,1605172437.0
592,1605172437.0
593,1605172437.0
594,1605172437.0
595,1605172437.0
596,1605172437.0
597,1605172437.0
598,1605172437.0
599,1605172437.0
600,1605172438.0
601,1605172438.0
602,1605172438.0
603,1605172438.0
604,1605172438.0
605,1605172438.0
606,1605172438.0
607,1605172438.0
608,1605172439.0
609,1605172439.0
610,1605172439.0
611,1605172439.0
612,1605172439.0
613,1605172439.0
614,1605172439.0
615,1605172439.0
616,1605172440.0
617,1605172440.0
618,1605172440.0
619,1605172440.0
620,1605172440.0
621,1605172440.0
622,1605172440.0
623,1605172440.0
624,1605172440.0
625,1605172440.0
626,1605172440.0
627,1605172440.0
628,1605172440.0
629,1605172440.0
630,1605172440.0
631,1605172440.0
632,1605172440.0
633,1605172440.0
634,1605172441.0
635,1605172441.0
636,1605172441.0
637,1605172441.0
638,1605172441.0
639,1605172441.0
640,1605172441.0
641,1605172441.0
642,1605172441.0
643,1605172441.0
644,1605172441.0
645,1605172441.0
646,1605172441.0
647,1605172442.0
648,1605172442.0
649,1605172442.0
650,1605172442.0
651,1605172442.0
652,1605172442.0
653,1605172442.0
654,1605172442.0
655,1605172442.0
656,1605172442.0
657,1605172442.0
658,1605172442.0
659,1605172442.0
660,1605172442.0
661,1605172442.0
662,1605172443.0
663,1605172443.0
664,1605172443.0
665,1605172443.0
666,1605172443.0
667,1605172443.0
668,1605172443.0
669,1605172443.0
670,1605172443.0
671,1605172443.0
672,1605172443.0
673,1605172443.0
674,1605172443.0
675,1605172443.0
676,1605172443.0
677,1605172443.0
678,1605172443.0
679,1605172443.0
680,1605172444.0
681,1605172444.0
682,1605172444.0
683,1605172444.0
684,1605172444.0
685,1605172444.0
686,1605172444.0
687,1605172444.0
688,1605172444.0
689,1605172444.0
690,1605172444.0
691,1605172444.0
692,1605172444.0
693,1605172444.0
694,1605172444.0
695,1605172444.0
696,1605172445.0
697,1605172445.0
698,1605172445.0
699,1605172445.0
700,1605172445.0
701,1605172445.0
702,1605172445.0
703,1605172445.0
704,1605172445.0
705,1605172445.0
706,1605172445.0
707,1605172445.0
708,1605172445.0
709,1605172445.0
710,1605172446.0
711,1605172446.0
712,1605172446.0
713,1605172446.0
714,1605172446.0
715,1605172446.0
716,1605172446.0
717,1605172446.0
718,1605172446.0
719,1605172446.0
720,1605172446.0
721,1605172446.0
722,1605172446.0
723,1605172446.0
724,1605172446.0
725,1605172447.0
726,1605172447.0
727,1605172447.0
728,1605172447.0
729,1605172447.0
730,1605172447.0
731,1605172447.0
732,1605172447.0
733,1605172447.0
734,1605172447.0
735,1605172447.0
736,1605172447.0
737,1605172447.0
738,1605172447.0
739,1605172447.0
740,1605172448.0
741,1605172448.0
742,1605172448.0
743,1605172448.0
744,1605172448.0
745,1605172448.0
746,1605172448.0
747,1605172448.0
748,1605172448.0
749,1605172448.0
750,1605172448.0
751,1605172448.0
752,1605172448.0
753,1605172448.0
754,1605172448.0
755,1605172449.0
756,1605172449.0
757,1605172449.0
758,1605172449.0
759,1605172449.0
760,1605172449.0
761,1605172449.0
762,1605172449.0
763,1605172449.0
764,1605172449.0
765,1605172449.0
766,1605172450.0
767,1605172450.0
768,1605172450.0
769,1605172450.0
770,1605172450.0
771,1605172450.0
772,1605172450.0
773,1605172450.0
774,1605172450.0
775,1605172451.0
776,1605172451.0
777,1605172451.0
778,1605172451.0
779,1605172451.0
780,1605172451.0
781,1605172451.0
782,1605172451.0
783,1605172451.0
784,1605172451.0
785,1605172451.0
786,1605172451.0
787,1605172451.0
788,1605172451.0
789,1605172451.0
790,1605172451.0
791,1605172451.0
792,1605172451.0
793,1605172452.0
794,1605172452.0
795,1605172452.0
796,1605172452.0
797,1605172452.0
798,1605172452.0
799,1605172452.0
800,1605172452.0
801,1605172452.0
802,1605172453.0
803,1605172453.0
804,1605172453.0
805,1605172453.0
806,1605172453.0
807,1605172453.0
808,1605172453.0
809,1605172453.0
810,1605172453.0
811,1605172453.0
812,1605172453.0
813,1605172453.0
814,1605172453.0
815,1605172453.0
816,1605172453.0
817,1605172453.0
818,1605172453.0
819,1605172454.0
820,1605172454.0
821,1605172454.0
822,1605172454.0
823,1605172454.0
824,1605172454.0
825,1605172454.0
826,1605172454.0
827,1605172454.0
828,1605172454.0
829,1605172454.0
830,1605172454.0
831,1605172454.0
832,1605172454.0
833,1605172455.0
834,1605172455.0
835,1605172455.0
836,1605172455.0
837,1605172455.0
838,1605172455.0
839,1605172455.0
840,1605172455.0
841,1605172455.0
842,1605172455.0
843,1605172455.0
844,1605172455.0
845,1605172455.0
846,1605172455.0
847,1605172455.0
848,1605172455.0
849,1605172455.0
850,1605172455.0
851,1605172456.0
852,1605172456.0
853,1605172456.0
854,1605172456.0
855,1605172456.0
856,1605172456.0
857,1605172456.0
858,1605172456.0
859,1605172456.0
860,1605172456.0
861,1605172456.0
862,1605172456.0
863,1605172456.0
864,1605172456.0
865,1605172457.0
866,1605172457.0
867,1605172457.0
868,1605172457.0
869,1605172457.0
870,1605172457.0
871,1605172457.0
872,1605172457.0
873,1605172457.0
874,1605172457.0
875,1605172457.0
876,1605172457.0
877,1605172457.0
878,1605172457.0
879,1605172458.0
880,1605172458.0
881,1605172458.0
882,1605172458.0
883,1605172458.0
884,1605172458.0
885,1605172458.0
886,1605172458.0
887,1605172458.0
888,1605172458.0
889,1605172458.0
890,1605172459.0
891,1605172459.0
892,1605172459.0
893,1605172459.0
894,1605172459.0
895,1605172459.0
896,1605172459.0
897,1605172459.0
898,1605172459.0
899,1605172459.0
900,1605172459.0
901,1605172459.0
902,1605172459.0
903,1605172459.0
904,1605172460.0
905,1605172460.0
906,1605172460.0
907,1605172460.0
908,1605172460.0
909,1605172460.0
910,1605172460.0
911,1605172460.0
912,1605172460.0
913,1605172460.0
914,1605172460.0
915,1605172460.0
916,1605172460.0
917,1605172460.0
918,1605172460.0
919,1605172460.0
920,1605172461.0
921,1605172461.0
922,1605172461.0
923,1605172461.0
924,1605172461.0
925,1605172461.0
926,1605172461.0
927,1605172461.0
928,1605172461.0
929,1605172461.0
930,1605172461.0
931,1605172461.0
932,1605172461.0
933,1605172461.0
934,1605172461.0
935,1605172461.0
936,1605172461.0
937,1605172461.0
938,1605172461.0
939,1605172462.0
940,1605172462.0
941,1605172462.0
942,1605172462.0
943,1605172462.0
944,1605172462.0
945,1605172462.0
946,1605172462.0
947,1605172462.0
948,1605172462.0
949,1605172462.0
950,1605172462.0
951,1605172462.0
952,1605172462.0
953,1605172462.0
954,1605172463.0
955,1605172463.0
956,1605172463.0
957,1605172463.0
958,1605172463.0
959,1605172463.0
960,1605172463.0
961,1605172463.0
962,1605172463.0
963,1605172463.0
964,1605172463.0
965,1605172463.0
966,1605172463.0
967,1605172463.0
968,1605172463.0
969,1605172464.0
970,1605172463.0
971,1605172464.0
972,1605172464.0
973,1605172464.0
974,1605172464.0
975,1605172464.0
976,1605172464.0
977,1605172464.0
978,1605172464.0
979,1605172464.0
980,1605172464.0
981,1605172464.0
982,1605172464.0
983,1605172464.0
984,1605172464.0
985,1605172464.0
986,1605172464.0
987,1605172465.0
988,1605172465.0
989,1605172465.0
990,1605172465.0
991,1605172465.0
992,1605172465.0
993,1605172465.0
994,1605172465.0
995,1605172465.0
996,1605172465.0
997,1605172465.0
998,1605172465.0
999,1605172465.0
1000,1605172465.0
